timestamp,value,label
1416722400.0,40.7597284886922,0
1416726000.0,1518.46468812032,1
1416729600.0,579.909363928468,0
1416733200.0,774.902133984725,0
1416736800.0,841.484280076597,0
1416740400.0,549.212881759885,0
1416744000.0,486.315957192958,0
1416747600.0,158.417989810787,0
1416751200.0,-69.2335727743476,0
1416754800.0,-164.635362183425,0
1416758400.0,-207.331204757984,0
1416762000.0,-72.3554719060642,0
1416765600.0,112.955220063082,0
1416769200.0,203.920149664528,0
1416772800.0,239.617260433485,0
1416776400.0,330.99153206525,0
1416780000.0,110.285020817576,0
1416783600.0,-16.3080902977811,0
1416787200.0,-349.340687790369,0
1416790800.0,-601.199547442226,0
1416794400.0,-673.656507522302,0
1416798000.0,-559.637826997527,0
1416801600.0,-526.161008782061,0
1416805200.0,-224.720925441752,0
1416808800.0,72.7746796822123,0
1416812400.0,525.624417490066,0
1416816000.0,758.162410019571,0
1416819600.0,926.002409176896,0
1416823200.0,952.821355483512,0
1416826800.0,788.129425642122,0
1416830400.0,531.141868217119,0
1416834000.0,324.836417880337,0
1416837600.0,79.6887522160889,0
1416841200.0,18.48703697677,0
1416844800.0,-74.1771010670946,0
1416848400.0,31.266732462906,0
1416852000.0,61.3035552577449,0
1416855600.0,250.307390457322,0
1416859200.0,383.598257591698,0
1416862800.0,394.812410322397,0
1416866400.0,267.851191692795,0
1416870000.0,42.1550507228945,0
1416873600.0,-217.621228463782,0
1416877200.0,-411.71000976469,0
1416880800.0,-522.333900321763,0
1416884400.0,-614.18220891718,0
1416888000.0,-337.225827918718,0
1416891600.0,-195.962216770782,0
1416895200.0,162.890645832591,0
1416898800.0,497.165970622604,0
1416902400.0,781.841655850715,0
1416906000.0,935.249386262906,0
1416909600.0,953.301414136478,0
1416913200.0,806.015955932956,0
1416916800.0,587.16808855501,0
1416920400.0,289.423890930295,0
1416924000.0,129.142156833104,0
1416927600.0,-14.7499848000517,0
1416931200.0,-28.7596952366998,0
1416934800.0,66.4919789043736,0
1416938400.0,175.40849012704,0
1416942000.0,401.41457728979,0
1416945600.0,385.236191768122,0
1416949200.0,354.039176510455,0
1416952800.0,205.523714098389,0
1416956400.0,36.8149041117525,0
1416960000.0,-298.549655253079,0
1416963600.0,-511.376426883234,0
1416967200.0,-604.128417344054,0
1416970800.0,-669.163056910891,0
1416974400.0,-526.729545398446,0
1416978000.0,-214.583909957151,0
1416981600.0,125.734252324931,0
1416985200.0,474.155418236594,0
1416988800.0,758.360586373929,0
1416992400.0,981.960540549761,0
1416996000.0,880.491840442849,0
1416999600.0,706.924545113849,0
1417003200.0,527.965854763731,0
1417006800.0,257.334482705576,0
1417010400.0,-25.0562772555707,0
1417014000.0,-127.819841179278,0
1417017600.0,-115.930614675479,0
1417021200.0,-153.024776676496,0
1417024800.0,144.004882837298,0
1417028400.0,158.070645278749,0
1417032000.0,276.834022541643,0
1417035600.0,271.207462119809,0
1417039200.0,192.705385787321,0
1417042800.0,-123.332869486291,0
1417046400.0,-355.675646727901,0
1417050000.0,-588.283846426912,0
1417053600.0,-671.042621410771,0
1417057200.0,-735.651256283082,0
1417060800.0,-595.260829408019,0
1417064400.0,-260.599754630967,0
1417068000.0,77.5133752955186,0
1417071600.0,331.361124540348,0
1417075200.0,664.390725386522,0
1417078800.0,758.669547930724,0
1417082400.0,784.03233883767,0
1417086000.0,674.733014098033,0
1417089600.0,332.285530097468,0
1417093200.0,134.961448092523,0
1417096800.0,-82.10122578926,0
1417100400.0,-287.24057330616,0
1417104000.0,-253.999979494189,0
1417107600.0,-111.243800295059,0
1417111200.0,2.87105548312916,0
1417114800.0,192.689715235499,0
1417118400.0,170.012976422603,0
1417122000.0,229.764288390084,0
1417125600.0,14.1271947320014,0
1417129200.0,-94.7537503977587,0
1417132800.0,-383.534992646796,0
1417136400.0,-615.313152205771,0
1417140000.0,-831.871853012425,0
1417143600.0,-904.280665151018,0
1417147200.0,-634.835353708967,0
1417150800.0,-366.466786188838,0
1417154400.0,27.3689726127053,0
1417158000.0,362.804214527889,0
1417161600.0,588.720685392262,0
1417165200.0,737.276159489867,0
1417168800.0,718.279064854072,0
1417172400.0,605.313985688645,0
1417176000.0,366.417622322091,0
1417179600.0,105.561017782691,0
1417183200.0,-83.3798341017752,0
1417186800.0,-154.095396680986,0
1417190400.0,-168.870539108243,0
1417194000.0,-188.284645307688,0
1417197600.0,-7.87627436785524,0
1417201200.0,112.607714980235,0
1417204800.0,210.176803049943,0
1417208400.0,195.457947193885,0
1417212000.0,28.6661268527263,0
1417215600.0,-128.312740374532,0
1417219200.0,-458.806456686475,0
1417222800.0,-652.11273800999,0
1417226400.0,-699.210679048863,0
1417230000.0,-756.932421059586,0
1417233600.0,-551.841823561596,0
1417237200.0,-362.985678120029,0
1417240800.0,98.1921153827704,0
1417244400.0,332.557117559566,0
1417248000.0,746.939524716647,0
1417251600.0,883.660240371037,0
1417255200.0,882.369987536675,0
1417258800.0,699.958684451275,0
1417262400.0,423.268347738733,0
1417266000.0,227.815006353879,0
1417269600.0,-2.39885543987597,0
1417273200.0,-71.8408116175287,0
1417276800.0,-169.513037313952,0
1417280400.0,-6.57177400513053,0
1417284000.0,88.6509730410957,0
1417287600.0,190.245251866692,0
1417291200.0,285.385535496575,0
1417294800.0,284.521276975082,0
1417298400.0,289.103884812565,0
1417302000.0,-10.6211716435077,0
1417305600.0,-239.676649460817,0
1417309200.0,-440.296747972641,0
1417312800.0,-671.234376521342,0
1417316400.0,-609.443706222423,0
1417320000.0,-457.445603768309,0
1417323600.0,-207.400664268331,0
1417327200.0,138.816405932374,0
1417330800.0,506.973098441794,0
1417334400.0,805.573028260109,0
1417338000.0,907.642225346694,0
1417341600.0,947.762898816964,0
1417345200.0,848.92280354647,0
1417348800.0,544.931600788358,0
1417352400.0,264.575984787438,0
1417356000.0,167.824463237339,0
1417359600.0,-23.1525226368881,0
1417363200.0,-21.7270090496717,0
1417366800.0,110.438057457835,0
1417370400.0,247.825209188625,0
1417374000.0,452.621945015371,0
1417377600.0,432.774489386938,0
1417381200.0,324.581135347122,0
1417384800.0,231.86920416352,0
1417388400.0,116.049813615001,0
1417392000.0,-140.293210109949,0
1417395600.0,-334.646901371524,0
1417399200.0,-465.904917118211,0
1417402800.0,-441.574817412164,0
1417406400.0,-321.425195690442,0
1417410000.0,-78.525873458249,0
1417413600.0,306.43950281841,0
1417417200.0,666.195405833097,0
1417420800.0,930.910033391456,0
1417424400.0,1038.88682267901,0
1417428000.0,1039.23615420636,0
1417431600.0,986.802252908671,0
1417435200.0,675.088574107805,0
1417438800.0,459.477204040567,0
1417442400.0,290.446828770033,0
1417446000.0,125.783519326637,0
1417449600.0,124.029352534693,0
1417453200.0,179.029552243911,0
1417456800.0,374.909001675097,0
1417460400.0,441.772753270321,0
1417464000.0,604.913619584159,0
1417467600.0,534.997530236943,0
1417471200.0,414.6810168016,0
1417474800.0,224.090243381014,0
1417478400.0,-1217.89287310112,1
1417482000.0,-305.949050197929,0
1417485600.0,-391.140095604505,0
1417489200.0,-404.626910244843,0
1417492800.0,-257.114222313888,0
1417496400.0,-20.7958931724767,0
1417500000.0,318.319745522659,0
1417503600.0,701.064402947873,0
1417507200.0,984.957746517194,0
1417510800.0,1142.00430813942,0
1417514400.0,1058.9977990418,0
1417518000.0,930.648425329382,0
1417521600.0,735.870736221195,0
1417525200.0,492.754884830737,0
1417528800.0,206.447708884974,0
1417532400.0,118.965170303565,0
1417536000.0,107.983885341781,0
1417539600.0,181.994902355166,0
1417543200.0,309.779429502265,0
1417546800.0,543.334018090071,0
1417550400.0,550.443181378869,0
1417554000.0,555.727927126809,0
1417557600.0,413.87527967831,0
1417561200.0,167.775869385543,0
1417564800.0,-79.2136251259504,0
1417568400.0,-340.454304843929,0
1417572000.0,-422.647363210849,0
1417575600.0,-468.13951050117,0
1417579200.0,-248.098099730837,0
1417582800.0,-47.4881633245276,0
1417586400.0,306.185424889631,0
1417590000.0,619.273042170211,0
1417593600.0,867.968533955813,0
1417597200.0,1093.25858146839,0
1417600800.0,1063.41479620386,0
1417604400.0,1005.8476861471,0
1417608000.0,665.426369067117,0
1417611600.0,485.00826485384,0
1417615200.0,156.65425893352,0
1417618800.0,111.354276400312,0
1417622400.0,88.6501440205938,0
1417626000.0,140.856307067013,0
1417629600.0,261.636992617654,0
1417633200.0,368.710728671792,0
1417636800.0,516.444077496257,0
1417640400.0,413.21240331471,0
1417644000.0,353.11634610183,0
1417647600.0,65.7054745657479,0
1417651200.0,-156.244089434852,0
1417654800.0,-459.48580345055,0
1417658400.0,-483.322437973803,0
1417662000.0,-527.85648074642,0
1417665600.0,-381.501581242741,0
1417669200.0,-145.224875556023,0
1417672800.0,218.248712694069,0
1417676400.0,508.19905756846,0
1417680000.0,834.069521716444,0
1417683600.0,1011.79983979837,0
1417687200.0,901.972520330745,0
1417690800.0,777.173041792548,0
1417694400.0,555.60314898301,0
1417698000.0,316.819915458635,0
1417701600.0,108.631252567664,0
1417705200.0,-49.7309081099791,0
1417708800.0,-42.7672280763926,0
1417712400.0,10.360445508377,0
1417716000.0,175.879442943147,0
1417719600.0,349.338341418952,0
1417723200.0,308.875766922162,0
1417726800.0,298.288263526813,0
1417730400.0,312.55341352652,0
1417734000.0,98.6065414323165,0
1417737600.0,-268.699361372067,0
1417741200.0,-512.580402853105,0
1417744800.0,-549.451655136159,0
1417748400.0,-646.360916269873,0
1417752000.0,-402.709543900403,0
1417755600.0,-177.038984535433,0
1417759200.0,158.887707390439,0
1417762800.0,447.834445539189,0
1417766400.0,756.937972671237,0
1417770000.0,976.316373113784,0
1417773600.0,931.22569984708,0
1417777200.0,710.82686764035,0
1417780800.0,574.888215524513,0
1417784400.0,278.364998154119,0
1417788000.0,59.6525687035637,0
1417791600.0,-43.8662839980945,0
1417795200.0,-126.277925661401,0
1417798800.0,49.3574425385931,0
1417802400.0,130.317715352376,0
1417806000.0,283.013071203756,0
1417809600.0,404.251057184195,0
1417813200.0,439.413494780836,0
1417816800.0,179.164590058486,0
1417820400.0,30.2653071802104,0
1417824000.0,-175.380362573619,0
1417827600.0,-443.518369345949,0
1417831200.0,-617.06025379439,0
1417834800.0,-598.14069878118,0
1417838400.0,-406.309849136146,0
1417842000.0,-164.0228462671,0
1417845600.0,267.137114507258,0
1417849200.0,590.809209212375,0
1417852800.0,894.50537232082,0
1417856400.0,1017.23181984068,0
1417860000.0,1002.39334416418,0
1417863600.0,886.346423100374,0
1417867200.0,714.08991091187,0
1417870800.0,365.486977875414,0
1417874400.0,101.447190678576,0
1417878000.0,128.311889236352,0
1417881600.0,80.749514214052,0
1417885200.0,102.063980380309,0
1417888800.0,221.634691611433,0
1417892400.0,343.171931647319,0
1417896000.0,436.81908033322,0
1417899600.0,504.60195846924,0
1417903200.0,290.87728946784,0
1417906800.0,153.932857233447,0
1417910400.0,-56.6747383810772,0
1417914000.0,-244.243505401723,0
1417917600.0,-455.678649708369,0
1417921200.0,-451.52619646248,0
1417924800.0,-341.969896191704,0
1417928400.0,26.6960978728269,0
1417932000.0,420.114782054301,0
1417935600.0,629.569783904534,0
1417939200.0,966.759869912366,0
1417942800.0,1148.13048344331,0
1417946400.0,1110.33215381984,0
1417950000.0,1007.61834389824,0
1417953600.0,808.826059783842,0
1417957200.0,472.168068584683,0
1417960800.0,354.338828871226,0
1417964400.0,88.3936793637357,0
1417968000.0,94.0787817550042,0
1417971600.0,281.277660747124,0
1417975200.0,429.577717189516,0
1417978800.0,1699.09142962121,1
1417982400.0,664.141222335817,0
1417986000.0,624.634530524002,0
1417989600.0,523.40127715737,0
1417993200.0,255.727004055213,0
1417996800.0,81.3027979328818,0
1418000400.0,-207.542623109372,0
1418004000.0,-244.863477787737,0
1418007600.0,-290.456073210723,0
1418011200.0,-133.177739257484,0
1418014800.0,44.2392936231241,0
1418018400.0,445.741278225715,0
1418022000.0,772.503384135229,0
1418025600.0,1092.63490150423,0
1418029200.0,1278.69077694783,0
1418032800.0,1252.68449186063,0
1418036400.0,1150.07478431827,0
1418040000.0,945.333429799438,0
1418043600.0,661.374606779915,0
1418047200.0,428.530696971546,0
1418050800.0,316.850924454463,0
1418054400.0,254.221330228661,0
1418058000.0,361.925854589178,0
1418061600.0,500.236571313292,0
1418065200.0,585.322290245652,0
1418068800.0,764.783483023147,0
1418072400.0,729.889339710573,0
1418076000.0,586.044675025714,0
1418079600.0,364.397437003699,0
1418083200.0,142.764816919786,0
1418086800.0,-164.067218408365,0
1418090400.0,-236.25805479883,0
1418094000.0,-237.789226335291,0
1418097600.0,-108.442751266071,0
1418101200.0,181.347361482325,0
1418104800.0,564.046198507873,0
1418108400.0,853.492873063022,0
1418112000.0,1090.1908396256,0
1418115600.0,1279.44590026976,0
1418119200.0,1266.35135201604,0
1418122800.0,1157.94274189307,0
1418126400.0,926.61221371762,0
1418130000.0,660.400021649529,0
1418133600.0,384.370989445183,0
1418137200.0,287.913672841855,0
1418140800.0,257.850332592983,0
1418144400.0,380.333010832332,0
1418148000.0,500.64261026541,0
1418151600.0,603.864970170158,0
1418155200.0,734.306701359425,0
1418158800.0,672.166975901252,0
1418162400.0,543.059139982528,0
1418166000.0,393.044275509604,0
1418169600.0,49.2274830606889,0
1418173200.0,-111.658857041807,0
1418176800.0,-362.533523430665,0
1418180400.0,-280.340892535452,0
1418184000.0,-130.607879922292,0
1418187600.0,152.15738638657,0
1418191200.0,495.976879242795,0
1418194800.0,759.512237890745,0
1418198400.0,1154.3545362566,0
1418202000.0,1241.26623414108,0
1418205600.0,1208.26280617474,0
1418209200.0,1134.96453430573,0
1418212800.0,848.780046999548,0
1418216400.0,-570.434766600926,1
1418220000.0,360.025513294667,0
1418223600.0,249.930796552287,0
1418227200.0,225.550242376923,0
1418230800.0,313.562673169387,0
1418234400.0,445.505740312526,0
1418238000.0,546.510542995503,0
1418241600.0,609.02823461314,0
1418245200.0,633.688286238949,0
1418248800.0,489.096982623001,0
1418252400.0,246.711224176615,0
1418256000.0,16.7663318778333,0
1418259600.0,-202.769303493133,0
1418263200.0,-336.478207953802,0
1418266800.0,-379.703588774068,0
1418270400.0,-244.478091566067,0
1418274000.0,60.4245983051648,0
1418277600.0,346.823100689038,0
1418281200.0,708.916333835423,0
1418284800.0,983.997540928775,0
1418288400.0,1053.77680871375,0
1418292000.0,1129.81816016928,0
1418295600.0,906.221161610928,0
1418299200.0,783.145992835163,0
1418302800.0,490.034332023474,0
1418306400.0,267.430619411744,0
1418310000.0,89.7783895561694,0
1418313600.0,136.572711948955,0
1418317200.0,122.551855008874,0
1418320800.0,349.743690505979,0
1418324400.0,564.651728732653,0
1418328000.0,589.167802440579,0
1418331600.0,518.266539028557,0
1418335200.0,352.502859952329,0
1418338800.0,175.439140821494,0
1418342400.0,-63.8875118363539,0
1418346000.0,-315.877060745855,0
1418349600.0,-492.892324899494,0
1418353200.0,-487.012206904471,0
1418356800.0,-360.329831577824,0
1418360400.0,-11.1697953613444,0
1418364000.0,319.176324425537,0
1418367600.0,617.853190065389,0
1418371200.0,977.077954252381,0
1418374800.0,1127.44632798132,0
1418378400.0,1149.21609421099,0
1418382000.0,2069.46301625033,1
1418385600.0,776.502887075718,0
1418389200.0,449.225611239874,0
1418392800.0,233.039899255415,0
1418396400.0,95.438301747168,0
1418400000.0,35.5002815625783,0
1418403600.0,223.791434483321,0
1418407200.0,327.513462668844,0
1418410800.0,439.416198544706,0
1418414400.0,619.281152246497,0
1418418000.0,517.542782320614,0
1418421600.0,393.725876649894,0
1418425200.0,189.58402221996,0
1418428800.0,-49.6743337942385,0
1418432400.0,-241.713639180188,0
1418436000.0,-344.912656648533,0
1418439600.0,-446.552093050665,0
1418443200.0,-287.458229277955,0
1418446800.0,26.7916021667084,0
1418450400.0,390.71784309619,0
1418454000.0,720.280950517787,0
1418457600.0,975.352107539613,0
1418461200.0,1080.71055857664,0
1418464800.0,1136.60385909074,0
1418468400.0,978.859500832971,0
1418472000.0,779.472128439759,0
1418475600.0,502.794248422788,0
1418479200.0,365.692932469101,0
1418482800.0,322.183706353328,0
1418486400.0,207.818312168613,0
1418490000.0,278.759390844388,0
1418493600.0,488.67366097077,0
1418497200.0,570.872776143355,0
1418500800.0,631.70450578964,0
1418504400.0,691.33004053413,0
1418508000.0,556.767055894357,0
1418511600.0,337.683481207255,0
1418515200.0,-17.0558306032912,0
1418518800.0,-186.061109158848,0
1418522400.0,-341.778396073853,0
1418526000.0,-357.799755784727,0
1418529600.0,-105.958806989193,0
1418533200.0,111.050993512959,0
1418536800.0,455.905405657001,0
1418540400.0,770.46635095135,0
1418544000.0,1047.46530400261,0
1418547600.0,1347.80097042522,0
1418551200.0,1324.34086898238,0
1418554800.0,1180.36014598973,0
1418558400.0,890.004669124771,0
1418562000.0,629.898293426847,0
1418565600.0,553.600949176786,0
1418569200.0,309.863386666531,0
1418572800.0,429.974351010325,0
1418576400.0,493.459736896632,0
1418580000.0,510.981526785025,0
1418583600.0,693.131178712646,0
1418587200.0,765.964561553296,0
1418590800.0,787.124373841744,0
1418594400.0,623.605826055922,0
1418598000.0,488.842607266662,0
1418601600.0,142.962045825585,0
1418605200.0,17.5095616242191,0
1418608800.0,-116.485028296235,0
1418612400.0,-173.658794079784,0
1418616000.0,71.9314103190344,0
1418619600.0,304.511912533903,0
1418623200.0,605.210757148999,0
1418626800.0,1016.80671053477,0
1418630400.0,1236.27397554005,0
1418634000.0,1411.42646509396,0
1418637600.0,1501.09400301074,0
1418641200.0,1338.33233282779,0
1418644800.0,1104.85961739333,0
1418648400.0,782.113789836676,0
1418652000.0,597.926961856122,0
1418655600.0,471.410024343708,0
1418659200.0,421.946915333259,0
1418662800.0,524.473441916103,0
1418666400.0,664.792941768229,0
1418670000.0,936.255284486919,0
1418673600.0,889.983679256272,0
1418677200.0,847.61937908381,0
1418680800.0,722.248182705801,0
1418684400.0,487.382670523203,0
1418688000.0,243.746498905164,0
1418691600.0,-8.33851797263008,0
1418695200.0,-58.097543302633,0
1418698800.0,-36.017385479709,0
1418702400.0,34.986675310065,0
1418706000.0,362.347082678615,0
1418709600.0,682.118526289233,0
1418713200.0,1025.20633734674,0
1418716800.0,1295.86287335941,0
1418720400.0,1428.97882222447,0
1418724000.0,1483.34051844998,0
1418727600.0,1358.35196171671,0
1418731200.0,1064.95118754852,0
1418734800.0,832.345437396138,0
1418738400.0,647.467599732564,0
1418742000.0,525.928191459925,0
1418745600.0,374.520107814911,0
1418749200.0,548.498423890413,0
1418752800.0,695.922234011119,0
1418756400.0,788.874617437885,0
1418760000.0,936.940209987907,0
1418763600.0,940.517919694934,0
1418767200.0,764.771153441194,0
1418770800.0,531.712682692445,0
1418774400.0,235.026710947637,0
1418778000.0,106.122548181589,0
1418781600.0,-27.5223101201997,0
1418785200.0,-168.926474310475,0
1418788800.0,-77.7875396592928,0
1418792400.0,288.224828221705,0
1418796000.0,627.063618463114,0
1418799600.0,1040.43396832707,0
1418803200.0,1289.89649697375,0
1418806800.0,1417.53681058251,0
1418810400.0,1387.02288945608,0
1418814000.0,1267.66886436981,0
1418817600.0,1075.56705856281,0
1418821200.0,737.149696148609,0
1418824800.0,541.441376355615,0
1418828400.0,366.782762215581,0
1418832000.0,397.5975819298,0
1418835600.0,516.30803747741,0
1418839200.0,587.543795316124,0
1418842800.0,731.611258056244,0
1418846400.0,768.6685287753,0
1418850000.0,784.018251443425,0
1418853600.0,614.834632148025,0
1418857200.0,501.594942289121,0
1418860800.0,168.710308938059,0
1418864400.0,-7.21201327440434,0
1418868000.0,-163.769553546767,0
1418871600.0,-265.540302633659,0
1418875200.0,-105.090475712264,0
1418878800.0,233.324073873995,0
1418882400.0,530.487906782315,0
1418886000.0,874.258319363015,0
1418889600.0,1204.06756290384,0
1418893200.0,1256.87947006541,0
1418896800.0,1210.24206054937,0
1418900400.0,1189.11883735351,0
1418904000.0,959.781067734038,0
1418907600.0,627.061641866412,0
1418911200.0,415.482474649089,0
1418914800.0,233.721618189643,0
1418918400.0,277.803785687915,0
1418922000.0,387.130233017683,0
1418925600.0,466.780684506759,0
1418929200.0,646.222358939258,0
1418932800.0,670.418243948344,0
1418936400.0,720.057535167191,0
1418940000.0,559.691582126531,0
1418943600.0,303.458685084827,0
1418947200.0,64.4790443831567,0
1418950800.0,-96.5882081821372,0
1418954400.0,-260.936021848405,0
1418958000.0,-253.622729443805,0
1418961600.0,-114.757242964571,0
1418965200.0,126.966398280111,0
1418968800.0,482.845507473714,0
1418972400.0,866.418973930736,0
1418976000.0,1192.74795377649,0
1418979600.0,1203.26454378487,0
1418983200.0,1316.59074150856,0
1418986800.0,1087.86502488613,0
1418990400.0,931.577850940764,0
1418994000.0,563.215543516944,0
1418997600.0,314.452949687616,0
1419001200.0,309.711975304853,0
1419004800.0,312.701042687404,0
1419008400.0,415.499200688007,0
1419012000.0,452.6898786961,0
1419015600.0,633.204453800845,0
1419019200.0,728.447428500327,0
1419022800.0,731.558055241648,0
1419026400.0,553.619362576846,0
1419030000.0,325.197932196574,0
1419033600.0,108.003814535232,0
1419037200.0,-110.90878019948,0
1419040800.0,-181.957759199776,0
1419044400.0,-189.306943701516,0
1419048000.0,-127.602101934501,0
1419051600.0,156.88713505167,0
1419055200.0,627.744261928649,0
1419058800.0,877.033393811405,0
1419062400.0,1186.00520923788,0
1419066000.0,1277.44389440503,0
1419069600.0,1365.73798637125,0
1419073200.0,1242.74961304256,0
1419076800.0,996.934693862717,0
1419080400.0,745.124551825669,0
1419084000.0,460.554917896209,0
1419087600.0,518.226714875379,0
1419091200.0,343.000119734461,0
1419094800.0,499.379581793421,0
1419098400.0,559.733179220004,0
1419102000.0,758.700299195533,0
1419105600.0,836.755010581438,0
1419109200.0,804.106351286143,0
1419112800.0,635.080307445223,0
1419116400.0,482.750637325608,0
1419120000.0,235.920355770214,0
1419123600.0,34.8166435807354,0
1419127200.0,-140.980627974583,0
1419130800.0,-133.224554036623,0
1419134400.0,43.576643913252,0
1419138000.0,333.924994248465,0
1419141600.0,686.53531958174,0
1419145200.0,1032.96340860819,0
1419148800.0,1317.06003120358,0
1419152400.0,1470.03249148646,0
1419156000.0,1410.03807839248,0
1419159600.0,1356.72065815819,0
1419163200.0,1129.69679247642,0
1419166800.0,856.761357699841,0
1419170400.0,655.128807982434,0
1419174000.0,590.573142655182,0
1419177600.0,459.036991528537,0
1419181200.0,554.851027990919,0
1419184800.0,703.552068611002,0
1419188400.0,892.512749643157,0
1419192000.0,935.984714840088,0
1419195600.0,954.463791244807,0
1419199200.0,853.473130451205,0
1419202800.0,704.995894579299,0
1419206400.0,418.29380949897,0
1419210000.0,103.132508825026,0
1419213600.0,10.517330533483,0
1419217200.0,1.0468895209952,0
1419220800.0,141.76945718924,0
1419224400.0,485.154561200055,0
1419228000.0,799.707374336135,0
1419231600.0,1180.70382338676,0
1419235200.0,1427.37743373293,0
1419238800.0,1553.04727008948,0
1419242400.0,1632.52242096554,0
1419246000.0,1544.64980215255,0
1419249600.0,1225.15097906282,0
1419253200.0,910.164382252257,0
1419256800.0,792.899502362196,0
1419260400.0,614.672891361179,0
1419264000.0,609.151501762208,0
1419267600.0,730.088723293645,0
1419271200.0,887.547703225911,0
1419274800.0,942.143549366444,0
1419278400.0,1036.34291526282,0
1419282000.0,1057.37934732881,0
1419285600.0,966.09479608044,0
1419289200.0,724.077708949511,0
1419292800.0,406.289230812384,0
1419296400.0,139.641782926704,0
1419300000.0,81.584054473602,0
1419303600.0,1264.17714628998,1
1419307200.0,164.285997848433,0
1419310800.0,477.874428946574,0
1419314400.0,889.098436128059,0
1419318000.0,1212.92270903415,0
1419321600.0,1500.32143742536,0
1419325200.0,1626.10737078791,0
1419328800.0,1542.2486731103,0
1419332400.0,1434.09252041226,0
1419336000.0,1260.46415435362,0
1419339600.0,944.490744632953,0
1419343200.0,829.843331749072,0
1419346800.0,666.55103035234,0
1419350400.0,653.739125314031,0
1419354000.0,690.534597652071,0
1419357600.0,906.577772373998,0
1419361200.0,924.07745560284,0
1419364800.0,1047.7833396822,0
1419368400.0,1036.64115077959,0
1419372000.0,903.751489975494,0
1419375600.0,681.033949795651,0
1419379200.0,441.503343725227,0
1419382800.0,220.451910496114,0
1419386400.0,73.3026898553988,0
1419390000.0,89.0023158534683,0
1419393600.0,122.693770516443,0
1419397200.0,416.12546256709,0
1419400800.0,694.686628741219,0
1419404400.0,1154.23647341715,0
1419408000.0,1387.85223496077,0
1419411600.0,1506.68108491193,0
1419415200.0,1511.24121067837,0
1419418800.0,1390.48330327907,0
1419422400.0,1239.08534741127,0
1419426000.0,848.38452468482,0
1419429600.0,646.664636268842,0
1419433200.0,599.094438749978,0
1419436800.0,499.268527898611,0
1419440400.0,587.692218083181,0
1419444000.0,768.158983426681,0
1419447600.0,927.99653560226,0
1419451200.0,958.673546042505,0
1419454800.0,996.670766758643,0
1419458400.0,839.385508330489,0
1419462000.0,576.432521069524,0
1419465600.0,324.400261609858,0
1419469200.0,113.083723516484,0
1419472800.0,-118.876280240153,0
1419476400.0,-42.8586068813611,0
1419480000.0,90.9521635451123,0
1419483600.0,324.970394401049,0
1419487200.0,657.082919583114,0
1419490800.0,1024.04873191269,0
1419494400.0,1314.50303612289,0
1419498000.0,1458.55021679716,0
1419501600.0,1451.5874537763,0
1419505200.0,1344.23104231283,0
1419508800.0,1129.77335768947,0
1419512400.0,854.960048370626,0
1419516000.0,624.578411084653,0
1419519600.0,470.278246573813,0
1419523200.0,484.549185743341,0
1419526800.0,477.929221793379,0
1419530400.0,675.829512661345,0
1419534000.0,798.580345882629,0
1419537600.0,941.49058702919,0
1419541200.0,913.52756505317,0
1419544800.0,739.750819759635,0
1419548400.0,542.072671804998,0
1419552000.0,223.453495772094,0
1419555600.0,87.5671951196333,0
1419559200.0,-39.5105146195918,0
1419562800.0,-152.403478014336,0
1419566400.0,57.4314832476562,0
1419570000.0,306.510925380722,0
1419573600.0,634.374495076962,0
1419577200.0,1017.20475757927,0
1419580800.0,1220.32341356733,0
1419584400.0,1443.46855812598,0
1419588000.0,1462.90451161291,0
1419591600.0,1278.53631503858,0
1419595200.0,998.240714160954,0
1419598800.0,872.113803560566,0
1419602400.0,571.397176501129,0
1419606000.0,556.180988587207,0
1419609600.0,316.768559221151,0
1419613200.0,549.226245689492,0
1419616800.0,708.969826164506,0
1419620400.0,798.569191469977,0
1419624000.0,873.191312628413,0
1419627600.0,934.1906699313,0
1419631200.0,774.381582067143,0
1419634800.0,527.270030853393,0
1419638400.0,319.232750855844,0
1419642000.0,55.9796362717569,0
1419645600.0,-132.031606959688,0
1419649200.0,-77.3807128325038,0
1419652800.0,27.5369454341427,0
1419656400.0,313.766789415069,0
1419660000.0,616.526365212102,0
1419663600.0,1072.93673350547,0
1419667200.0,1412.39400594647,0
1419670800.0,1518.38297341691,0
1419674400.0,1572.09907160978,0
1419678000.0,1366.84029819322,0
1419681600.0,1167.90451765433,0
1419685200.0,883.573925980357,0
1419688800.0,663.193759722838,0
1419692400.0,554.301501967524,0
1419696000.0,566.663565411441,0
1419699600.0,618.157993619929,0
1419703200.0,773.369644693331,0
1419706800.0,844.785078792237,0
1419710400.0,989.406940063285,0
1419714000.0,995.700219414826,0
1419717600.0,888.56772614469,0
1419721200.0,684.171869197203,0
1419724800.0,386.935924307673,0
1419728400.0,207.527356440944,0
1419732000.0,64.0987179286015,0
1419735600.0,70.0353306562698,0
1419739200.0,189.370206048755,0
1419742800.0,501.331945106355,0
1419746400.0,824.620499666739,0
1419750000.0,1078.40387255697,0
1419753600.0,1219.70080623649,0
1419757200.0,1256.78955444482,0
1419760800.0,1281.42580840756,0
1419764400.0,1227.23137750352,0
1419768000.0,1141.31036512957,0
1419771600.0,1018.48650320842,0
1419775200.0,806.545434288498,0
1419778800.0,720.445581038084,0
1419782400.0,735.605626510308,0
1419786000.0,761.400756548503,0
1419789600.0,911.668361108202,0
1419793200.0,931.138575438142,0
1419796800.0,986.353596231125,0
1419800400.0,1003.84335577994,0
1419804000.0,942.933205019769,0
1419807600.0,746.5020561692,0
1419811200.0,623.943835713296,0
1419814800.0,508.699679313509,0
1419818400.0,465.57565250462,0
1419822000.0,430.173545737161,0
1419825600.0,508.060528524454,0
1419829200.0,694.399603484855,0
1419832800.0,857.357038545216,0
1419836400.0,1055.12762410046,0
1419840000.0,1219.61400311367,0
1419843600.0,1360.92836362077,0
1419847200.0,1329.19353218018,0
1419850800.0,1274.79107873073,0
1419854400.0,1177.06759150473,0
1419858000.0,995.770785264841,0
1419861600.0,860.30897043569,0
1419865200.0,787.275684906003,0
1419868800.0,752.64511699645,0
1419872400.0,813.14355934659,0
1419876000.0,844.050866137522,0
1419879600.0,961.662125553451,0
1419883200.0,980.891143485215,0
1419886800.0,977.719206315494,0
1419890400.0,938.006384758899,0
1419894000.0,784.001532875946,0
1419897600.0,648.628380195435,0
1419901200.0,503.743258881323,0
1419904800.0,408.351698998878,0
1419908400.0,392.770440628154,0
1419912000.0,532.532594306408,0
1419915600.0,657.960979728176,0
1419919200.0,853.739878429462,0
1419922800.0,1105.05333701619,0
1419926400.0,1242.8415245488,0
1419930000.0,1308.10795550161,0
1419933600.0,1296.41040414835,0
1419937200.0,1248.6981668832,0
1419940800.0,1099.14959153778,0
1419944400.0,927.5300863151,0
1419948000.0,813.408673638162,0
1419951600.0,752.730206246986,0
1419955200.0,717.888015731945,0
1419958800.0,804.967108439061,0
1419962400.0,872.136489548222,0
1419966000.0,912.754717402186,0
1419969600.0,958.841406613887,0
1419973200.0,937.714084080842,0
1419976800.0,855.544851066716,0
1419980400.0,741.471438623656,0
1419984000.0,623.72965202017,0
1419987600.0,435.339085275566,0
1419991200.0,384.471480785992,0
1419994800.0,337.707019940461,0
1419998400.0,435.517353380359,0
1420002000.0,647.57623564746,0
1420005600.0,758.380528280303,0
1420009200.0,1023.2340245242,0
1420012800.0,1169.20616223975,0
1420016400.0,1283.84521386212,0
1420020000.0,1227.6925633824,0
1420023600.0,1161.91720653539,0
1420027200.0,1012.82046602,0
1420030800.0,842.046244133217,0
1420034400.0,723.996933160668,0
1420038000.0,691.217679761625,0
1420041600.0,608.124322233013,0
1420045200.0,652.52220250339,0
1420048800.0,750.347830467496,0
1420052400.0,818.541344101401,0
1420056000.0,923.367436451323,0
1420059600.0,874.550218924436,0
1420063200.0,767.07955063296,0
1420066800.0,628.102532269271,0
1420070400.0,489.545575029522,0
1420074000.0,344.968497071078,0
1420077600.0,308.320418963772,0
1420081200.0,266.784284344887,0
1420084800.0,344.55555018849,0
1420088400.0,493.905908615033,0
1420092000.0,724.57840457275,0
1420095600.0,842.843314940255,0
1420099200.0,1034.68453261106,0
1420102800.0,1119.15482656211,0
1420106400.0,1221.96760947324,0
1420110000.0,1087.91760303783,0
1420113600.0,947.04539909808,0
1420117200.0,752.706902218082,0
1420120800.0,627.814158823792,0
1420124400.0,513.60977129288,0
1420128000.0,612.935384529987,0
1420131600.0,550.765749453785,0
1420135200.0,683.160216703781,0
1420138800.0,799.67615944025,0
1420142400.0,812.732331827595,0
1420146000.0,763.901775362152,0
1420149600.0,704.345069615239,0
1420153200.0,553.565371977975,0
1420156800.0,426.591238158608,0
1420160400.0,321.472777345657,0
1420164000.0,165.441849106569,0
1420167600.0,171.308388275568,0
1420171200.0,229.316066010658,0
1420174800.0,434.761885717313,0
1420178400.0,650.551606521905,0
1420182000.0,812.550928438387,0
1420185600.0,986.704739963505,0
1420189200.0,1106.65051533169,0
1420192800.0,1123.21340481943,0
1420196400.0,1037.01908610301,0
1420200000.0,875.652939486507,0
1420203600.0,743.215738980495,0
1420207200.0,571.276337013988,0
1420210800.0,501.544662498507,0
1420214400.0,487.513902024823,0
1420218000.0,496.930968482704,0
1420221600.0,621.784915722457,0
1420225200.0,728.092649352927,0
1420228800.0,737.827208964841,0
1420232400.0,749.335726635964,0
1420236000.0,638.123135756501,0
1420239600.0,529.756041474688,0
1420243200.0,399.497715143028,0
1420246800.0,276.856109220016,0
1420250400.0,158.605807735387,0
1420254000.0,145.191930736016,0
1420257600.0,243.743137064087,0
1420261200.0,424.189867695789,0
1420264800.0,648.66043709208,0
1420268400.0,812.091904188448,0
1420272000.0,969.333381403263,0
1420275600.0,1119.13401222432,0
1420279200.0,1050.80150774659,0
1420282800.0,1036.14860008346,0
1420286400.0,900.352552967867,0
1420290000.0,705.220237166903,0
1420293600.0,620.695252810359,0
1420297200.0,516.634163590689,0
1420300800.0,523.446495841768,0
1420304400.0,557.408624472208,0
1420308000.0,679.329728703565,0
1420311600.0,774.726108393773,0
1420315200.0,813.157572059481,0
1420318800.0,817.999288522716,0
1420322400.0,669.188887141001,0
1420326000.0,586.071605016187,0
1420329600.0,412.798324163871,0
1420333200.0,282.176668947275,0
1420336800.0,159.535071578946,0
1420340400.0,188.935156311385,0
1420344000.0,282.930643145396,0
1420347600.0,491.111309573111,0
1420351200.0,659.439464377009,0
1420354800.0,876.107850378199,0
1420358400.0,1047.07493423487,0
1420362000.0,1156.14517707515,0
1420365600.0,1156.99446990318,0
1420369200.0,1062.24841868047,0
1420372800.0,970.412037437886,0
1420376400.0,740.531333196158,0
1420380000.0,634.287095695803,0
1420383600.0,602.762826341351,0
1420387200.0,566.340138338817,0
1420390800.0,622.502803644706,0
1420394400.0,706.623335728692,0
1420398000.0,816.129347003015,0
1420401600.0,835.381714502064,0
1420405200.0,799.813439268188,0
1420408800.0,710.77278195957,0
1420412400.0,604.541291821934,0
1420416000.0,515.298467175849,0
1420419600.0,311.692985202916,0
1420423200.0,242.671547818276,0
1420426800.0,267.430640121727,0
1420430400.0,364.10886983839,0
1420434000.0,536.895142512377,0
1420437600.0,718.753917600321,0
1420441200.0,947.442478973942,0
1420444800.0,1102.56869887526,0
1420448400.0,1162.72820488855,0
1420452000.0,1185.45438576114,0
1420455600.0,1060.21885377329,0
1420459200.0,951.203538848132,0
1420462800.0,810.894749667402,0
1420466400.0,695.250690530758,0
1420470000.0,568.711434492364,0
1420473600.0,557.848633542125,0
1420477200.0,662.281600313451,0
1420480800.0,716.420124453959,0
1420484400.0,819.986291525291,0
1420488000.0,849.971739265149,0
1420491600.0,838.60474411209,0
1420495200.0,783.76287942767,0
1420498800.0,643.774590322968,0
1420502400.0,466.558866307285,0
1420506000.0,326.128244067977,0
1420509600.0,231.004631112765,0
1420513200.0,248.631167947346,0
1420516800.0,319.900942827057,0
1420520400.0,519.727462605157,0
1420524000.0,656.052186311671,0
1420527600.0,881.220206043451,0
1420531200.0,1109.5753076383,0
1420534800.0,1177.99512853499,0
1420538400.0,1147.09270123706,0
1420542000.0,1119.92582178227,0
1420545600.0,943.079287472311,0
1420549200.0,761.420206068856,0
1420552800.0,638.030142780069,0
1420556400.0,554.261192482987,0
1420560000.0,565.491094850195,0
1420563600.0,637.792267314986,0
1420567200.0,695.762951890815,0
1420570800.0,707.087594517641,0
1420574400.0,813.964092232739,0
1420578000.0,826.089318229327,0
1420581600.0,784.267194417467,0
1420585200.0,574.497507521815,0
1420588800.0,394.315402520567,0
1420592400.0,279.23379577735,0
1420596000.0,189.980927138284,0
1420599600.0,150.82017553954,0
1420603200.0,231.768145732068,0
1420606800.0,456.931567880588,0
1420610400.0,684.147506208011,0
1420614000.0,820.713634921611,0
1420617600.0,967.356439504143,0
1420621200.0,1060.81887520787,0
1420624800.0,1108.05845253855,0
1420628400.0,977.390962415246,0
1420632000.0,826.383440807903,0
1420635600.0,714.267075371148,0
1420639200.0,580.359843749228,0
1420642800.0,507.915959385654,0
1420646400.0,483.699598382353,0
1420650000.0,520.153885364709,0
1420653600.0,605.131705558603,0
1420657200.0,683.631873586984,0
1420660800.0,739.193180935823,0
1420664400.0,668.199942122838,0
1420668000.0,556.514614996595,0
1420671600.0,475.679039832075,0
1420675200.0,977.793992517934,1
1420678800.0,179.374284051055,0
1420682400.0,61.7668385138683,0
1420686000.0,73.8147110700665,0
1420689600.0,133.80201672147,0
1420693200.0,350.315474291643,0
1420696800.0,554.157330085658,0
1420700400.0,785.273580572173,0
1420704000.0,954.752903178753,0
1420707600.0,1017.30689990748,0
1420711200.0,1036.9488544657,0
1420714800.0,926.081941719132,0
1420718400.0,729.778993260858,0
1420722000.0,610.021238783654,0
1420725600.0,425.854953128125,0
1420729200.0,419.718151487041,0
1420732800.0,330.11532826945,0
1420736400.0,396.730913625325,0
1420740000.0,494.782737160326,0
1420743600.0,578.025941183378,0
1420747200.0,636.288989830957,0
1420750800.0,581.219054088186,0
1420754400.0,514.44153966654,0
1420758000.0,414.577259550771,0
1420761600.0,243.515435938965,0
1420765200.0,114.558992037439,0
1420768800.0,57.7972006416604,0
1420772400.0,12.871734071022,0
1420776000.0,107.885600550083,0
1420779600.0,251.585753449567,0
1420783200.0,460.004892586746,0
1420786800.0,664.572967335629,0
1420790400.0,799.705920960527,0
1420794000.0,914.96460686656,0
1420797600.0,912.146351881503,0
1420801200.0,892.62306842996,0
1420804800.0,759.679036801844,0
1420808400.0,537.759232901632,0
1420812000.0,465.719965527274,0
1420815600.0,334.388586074031,0
1420819200.0,351.042961764177,0
1420822800.0,430.231973148571,0
1420826400.0,423.970911272339,0
1420830000.0,532.934961368365,0
1420833600.0,575.990352554502,0
1420837200.0,575.467576498332,0
1420840800.0,496.469587168598,0
1420844400.0,362.855292205075,0
1420848000.0,192.767696976672,0
1420851600.0,42.1846450707162,0
1420855200.0,45.3001160091269,0
1420858800.0,-16.2883308376387,0
1420862400.0,97.5496051086597,0
1420866000.0,278.009836588317,0
1420869600.0,487.591048155301,0
1420873200.0,676.858230625541,0
1420876800.0,815.623723726403,0
1420880400.0,919.83538771423,0
1420884000.0,900.391142776192,0
1420887600.0,859.275916617228,0
1420891200.0,676.694655599837,0
1420894800.0,574.842714442849,0
1420898400.0,468.268174786509,0
1420902000.0,349.871746042389,0
1420905600.0,325.436222781141,0
1420909200.0,401.964880909135,0
1420912800.0,452.815263709579,0
1420916400.0,585.975201246362,0
1420920000.0,652.828268072596,0
1420923600.0,592.156804296587,0
1420927200.0,540.915074123257,0
1420930800.0,417.044078490562,0
1420934400.0,255.726502677513,0
1420938000.0,140.210876625361,0
1420941600.0,19.9421957465343,0
1420945200.0,42.5880889633942,0
1420948800.0,151.70091522043,0
1420952400.0,291.724618487396,0
1420956000.0,506.381581142641,0
1420959600.0,693.144625952345,0
1420963200.0,891.471412683524,0
1420966800.0,944.186969550714,0
1420970400.0,924.361332147364,0
1420974000.0,904.88652395605,0
1420977600.0,769.860346347846,0
1420981200.0,589.839519130281,0
1420984800.0,471.762979356243,0
1420988400.0,385.899744778939,0
1420992000.0,393.660656648745,0
1420995600.0,476.610357289357,0
1420999200.0,524.013164154747,0
1421002800.0,601.81300385462,0
1421006400.0,677.921607991772,0
1421010000.0,710.035968222886,0
1421013600.0,601.280862601925,0
1421017200.0,508.858997335901,0
1421020800.0,310.275197412922,0
1421024400.0,133.46940528288,0
1421028000.0,75.9179964261316,0
1421031600.0,53.1762677968666,0
1421035200.0,118.509623373508,0
1421038800.0,344.621143866683,0
1421042400.0,557.218601283032,0
1421046000.0,764.262552697678,0
1421049600.0,932.156915393566,0
1421053200.0,994.164935236035,0
1421056800.0,1041.96144623318,0
1421060400.0,899.933561774135,0
1421064000.0,813.090110472626,0
1421067600.0,644.608855077697,0
1421071200.0,474.537189637403,0
1421074800.0,405.473150666066,0
1421078400.0,401.043338561754,0
1421082000.0,481.764941480165,0
1421085600.0,569.846393272732,0
1421089200.0,610.892176370866,0
1421092800.0,627.115158025151,0
1421096400.0,720.016711625633,0
1421100000.0,570.756969469218,0
1421103600.0,453.879885885511,0
1421107200.0,272.669680571106,0
1421110800.0,137.585522415303,0
1421114400.0,96.1428353846115,0
1421118000.0,46.397931982545,0
1421121600.0,178.47957409026,0
1421125200.0,339.455806099817,0
1421128800.0,509.119971411158,0
1421132400.0,743.71155321361,0
1421136000.0,922.295792005994,0
1421139600.0,1046.64191686358,0
1421143200.0,972.43676312348,0
1421146800.0,957.583199053234,0
1421150400.0,760.066374328733,0
1421154000.0,629.365373754944,0
1421157600.0,535.300040913341,0
1421161200.0,358.429257575906,0
1421164800.0,413.694228590624,0
1421168400.0,406.624751195205,0
1421172000.0,523.630414140096,0
1421175600.0,572.386183050837,0
1421179200.0,598.545520914974,0
1421182800.0,605.700427888191,0
1421186400.0,588.051472807024,0
1421190000.0,412.484766265871,0
1421193600.0,262.38083495937,0
1421197200.0,114.604911229277,0
1421200800.0,41.0543463320871,0
1421204400.0,9.53437795077041,0
1421208000.0,118.104952154552,0
1421211600.0,232.693470196065,0
1421215200.0,467.204761385794,0
1421218800.0,701.866040410323,0
1421222400.0,837.14526621895,0
1421226000.0,963.967177055808,0
1421229600.0,901.278408682654,0
1421233200.0,863.021575464219,0
1421236800.0,677.253217800109,0
1421240400.0,508.864915548378,0
1421244000.0,385.682586479917,0
1421247600.0,299.649039360319,0
1421251200.0,310.298619007113,0
1421254800.0,344.701433239782,0
1421258400.0,411.928891002492,0
1421262000.0,486.560672456878,0
1421265600.0,520.551276312401,0
1421269200.0,555.951187398219,0
1421272800.0,450.908901628006,0
1421276400.0,308.68631381398,0
1421280000.0,109.995498194206,0
1421283600.0,23.0653436433611,0
1421287200.0,-38.1970844336716,0
1421290800.0,-85.9529003299268,0
1421294400.0,3.00552491150878,0
1421298000.0,201.208397705727,0
1421301600.0,369.702154681639,0
1421305200.0,627.488375186853,0
1421308800.0,728.775017191321,0
1421312400.0,883.312918480104,0
1421316000.0,796.483530726016,0
1421319600.0,720.887340786387,0
1421323200.0,617.431081444865,0
1421326800.0,422.040182686654,0
1421330400.0,308.706758582074,0
1421334000.0,239.77200680741,0
1421337600.0,217.937654011781,0
1421341200.0,252.371898533785,0
1421344800.0,358.205510681488,0
1421348400.0,465.605374896295,0
1421352000.0,479.794843970251,0
1421355600.0,432.554326748649,0
1421359200.0,412.323816094938,0
1421362800.0,215.427964767199,0
1421366400.0,112.970044500479,0
1421370000.0,-62.2098601370231,0
1421373600.0,-198.660799355735,0
1421377200.0,-162.921793232439,0
1421380800.0,-66.3696951903142,0
1421384400.0,115.227198996439,0
1421388000.0,321.362074005816,0
1421391600.0,512.371419092621,0
1421395200.0,658.604862080766,0
1421398800.0,728.054093366609,0
1421402400.0,794.590786573648,0
1421406000.0,682.566549192325,0
1421409600.0,521.248940513773,0
1421413200.0,437.887427417178,0
1421416800.0,206.135724525269,0
1421420400.0,192.106573912541,0
1421424000.0,196.2402547386,0
1421427600.0,195.240757155266,0
1421431200.0,309.905738333002,0
1421434800.0,405.666842924009,0
1421438400.0,397.43400977931,0
1421442000.0,390.861477625741,0
1421445600.0,305.629978477172,0
1421449200.0,202.854060337729,0
1421452800.0,41.0528780435904,0
1421456400.0,-118.811236474381,0
1421460000.0,-166.914204710329,0
1421463600.0,-167.310198634173,0
1421467200.0,-97.1527110030771,0
1421470800.0,162.125536141686,0
1421474400.0,298.957281804043,0
1421478000.0,-197.746044314827,1
1421481600.0,662.548110348024,0
1421485200.0,740.347933484628,0
1421488800.0,780.670891014876,0
1421492400.0,675.376107385114,0
1421496000.0,544.147840231449,0
1421499600.0,372.280764351415,0
1421503200.0,305.800873529887,0
1421506800.0,230.772340150248,0
1421510400.0,176.998803311361,0
1421514000.0,245.279941019036,0
1421517600.0,350.482758349585,0
1421521200.0,365.274656850256,0
1421524800.0,422.016145582222,0
1421528400.0,405.415183224452,0
1421532000.0,424.788008386029,0
1421535600.0,252.496282660092,0
1421539200.0,65.7529125416083,0
1421542800.0,-53.6670930980484,0
1421546400.0,-119.950575151062,0
1421550000.0,-104.671035038551,0
1421553600.0,-39.4400696909151,0
1421557200.0,110.061469948362,0
1421560800.0,286.576685267035,0
1421564400.0,553.836441472248,0
1421568000.0,710.629402352234,0
1421571600.0,787.924397873887,0
1421575200.0,836.842254591678,0
1421578800.0,711.380422537695,0
1421582400.0,579.146757396553,0
1421586000.0,435.598280211168,0
1421589600.0,-395.907457491242,1
1421593200.0,232.915870118623,0
1421596800.0,228.155195350928,0
1421600400.0,260.446032847586,0
1421604000.0,-387.512750954859,1
1421607600.0,447.158593128191,0
1421611200.0,475.606517845706,0
1421614800.0,495.941581133205,0
1421618400.0,391.276268301225,0
1421622000.0,310.998749177828,0
1421625600.0,140.053276657234,0
1421629200.0,-10.6167463249435,0
1421632800.0,-103.546172752417,0
1421636400.0,-105.925420145042,0
1421640000.0,-4.10101380423153,0
1421643600.0,191.896646457241,0
1421647200.0,392.171325861172,0
1421650800.0,622.939521592902,0
1421654400.0,768.171642863479,0
1421658000.0,835.768968644809,0
1421661600.0,875.005366608489,0
1421665200.0,789.310063059237,0
1421668800.0,645.363758489891,0
1421672400.0,478.813773460897,0
1421676000.0,364.55414473843,0
1421679600.0,250.932291606551,0
1421683200.0,242.013891942001,0
1421686800.0,260.699772467053,0
1421690400.0,337.552732894072,0
1421694000.0,460.931834714363,0
1421697600.0,498.333214789651,0
1421701200.0,512.765718533821,0
1421704800.0,380.476077138515,0
1421708400.0,315.703635771116,0
1421712000.0,169.831768004129,0
1421715600.0,-39.099981419731,0
1421719200.0,-120.771351896599,0
1421722800.0,-85.6886538498429,0
1421726400.0,-33.2558954990438,0
1421730000.0,102.335796964129,0
1421733600.0,352.074504453779,0
1421737200.0,615.900410860977,0
1421740800.0,762.914531001193,0
1421744400.0,823.362951026241,0
1421748000.0,827.372254493977,0
1421751600.0,776.921604964591,0
1421755200.0,613.407985355838,0
1421758800.0,417.994038787895,0
1421762400.0,343.836186503777,0
1421766000.0,235.53613195416,0
1421769600.0,195.164058220394,0
1421773200.0,254.352285541292,0
1421776800.0,331.032269737496,0
1421780400.0,412.228408441982,0
1421784000.0,480.610959583002,0
1421787600.0,486.377505562386,0
1421791200.0,433.343093142365,0
1421794800.0,263.919883818208,0
1421798400.0,72.5977897210972,0
1421802000.0,-20.3307434097659,0
1421805600.0,-169.841226164002,0
1421809200.0,-173.39325413875,0
1421812800.0,-93.6860510055433,0
1421816400.0,49.71811547635,0
1421820000.0,273.666514914619,0
1421823600.0,518.884474147667,0
1421827200.0,682.566920797987,0
1421830800.0,746.346093684799,0
1421834400.0,762.373223016542,0
1421838000.0,679.704334651426,0
1421841600.0,528.549771306707,0
1421845200.0,396.356701879051,0
1421848800.0,221.093379345222,0
1421852400.0,111.648151292797,0
1421856000.0,140.097204677363,0
1421859600.0,175.003020994198,0
1421863200.0,287.145849902519,0
1421866800.0,352.200066968507,0
1421870400.0,404.444785051226,0
1421874000.0,366.123616560823,0
1421877600.0,246.130213273351,0
1421881200.0,109.316972708058,0
1421884800.0,-37.8603616503298,0
1421888400.0,-155.794194936146,0
1421892000.0,-204.482282776697,0
1421895600.0,-232.493297644009,0
1421899200.0,-175.167932055201,0
1421902800.0,-22.8717574436334,0
1421906400.0,211.249125928836,0
1421910000.0,395.915053433239,0
1421913600.0,559.141989545789,0
1421917200.0,661.80359633058,0
1421920800.0,621.506634595971,0
1421924400.0,581.134893253591,0
1421928000.0,391.517452031557,0
1421931600.0,286.780362547656,0
1421935200.0,128.086225430196,0
1421938800.0,45.1386536235381,0
1421942400.0,34.3755743929744,0
1421946000.0,83.104845693219,0
1421949600.0,154.450470120019,0
1421953200.0,243.350539266108,0
1421956800.0,324.360099170413,0
1421960400.0,302.797294451187,0
1421964000.0,221.25699827799,0
1421967600.0,73.4839875134551,0
1421971200.0,-93.0798143273695,0
1421974800.0,-249.388856530101,0
1421978400.0,-319.832196069825,0
1421982000.0,-310.049122823286,0
1421985600.0,-223.605885405428,0
1421989200.0,-88.1194404171084,0
1421992800.0,155.640246333631,0
1421996400.0,331.252561016576,0
1422000000.0,514.71233685985,0
1422003600.0,548.883879401729,0
1422007200.0,580.110575864708,0
1422010800.0,551.656900742899,0
1422014400.0,379.646861383473,0
1422018000.0,247.258525279978,0
1422021600.0,108.790982595237,0
1422025200.0,28.1721299059952,0
1422028800.0,-28.2788179839922,0
1422032400.0,63.2642265546949,0
1422036000.0,135.300500965734,0
1422039600.0,203.576730886083,0
1422043200.0,281.682124847469,0
1422046800.0,216.015464475324,0
1422050400.0,136.210240897487,0
1422054000.0,5.60019872358663,0
1422057600.0,-99.8469592625438,0
1422061200.0,-233.629347996199,0
1422064800.0,-373.97147055967,0
1422068400.0,-359.073129558555,0
1422072000.0,-210.62411363361,0
1422075600.0,-79.464808052296,0
1422079200.0,153.89669030432,0
1422082800.0,392.967469067182,0
1422086400.0,511.130646566708,0
1422090000.0,592.405871830452,0
1422093600.0,593.119981116469,0
1422097200.0,545.011025254337,0
1422100800.0,409.424076570029,0
1422104400.0,231.29119413492,0
1422108000.0,44.729353229767,0
1422111600.0,7.73240512376279,0
1422115200.0,-12.8354572349667,0
1422118800.0,36.4543164270271,0
1422122400.0,121.249964079125,0
1422126000.0,223.040433641169,0
1422129600.0,246.369445995724,0
1422133200.0,278.7155901035,0
1422136800.0,205.086763712778,0
1422140400.0,79.024313044821,0
1422144000.0,-59.597844371218,0
1422147600.0,-209.98143061128,0
1422151200.0,-309.966492187906,0
1422154800.0,-317.172208334044,0
1422158400.0,-167.457874423193,0
1422162000.0,-39.2319828912846,0
1422165600.0,161.099829144412,0
1422169200.0,366.788564931706,0
1422172800.0,543.303589825307,0
1422176400.0,628.667108025992,0
1422180000.0,673.279554693523,0
1422183600.0,577.481626350022,0
1422187200.0,422.947346450012,0
1422190800.0,297.205314961642,0
1422194400.0,157.382923003482,0
1422198000.0,126.110626230051,0
1422201600.0,81.2879704278891,0
1422205200.0,88.0550673546111,0
1422208800.0,224.765928066694,0
1422212400.0,259.521955984698,0
1422216000.0,359.974814357051,0
1422219600.0,298.399368636552,0
1422223200.0,244.387032456946,0
1422226800.0,140.209124378898,0
1422230400.0,-60.3179469639816,0
1422234000.0,-174.079277263578,0
1422237600.0,-266.564272022779,0
1422241200.0,-245.118752784668,0
1422244800.0,-130.895984244345,0
1422248400.0,25.8959571876426,0
1422252000.0,240.561636266088,0
1422255600.0,417.588066649648,0
1422259200.0,554.066454580363,0
1422262800.0,620.00259689439,0
1422266400.0,696.586144904804,0
1422270000.0,526.163935313129,0
1422273600.0,457.638005584487,0
1422277200.0,321.785708869064,0
1422280800.0,202.376710724948,0
1422284400.0,98.546631598677,0
1422288000.0,90.4516159977901,0
1422291600.0,115.424593098005,0
1422295200.0,224.302953672268,0
1422298800.0,277.31521080345,0
1422302400.0,336.066065204114,0
1422306000.0,330.659017421333,0
1422309600.0,201.62829103647,0
1422313200.0,120.416501684071,0
1422316800.0,3.19148395438518,0
1422320400.0,-134.852721889277,0
1422324000.0,-244.182534823542,0
1422327600.0,-277.446898970342,0
1422331200.0,-159.331046897771,0
1422334800.0,1.12863927989192,0
1422338400.0,217.066785345328,0
1422342000.0,402.55706053692,0
1422345600.0,594.777253705806,0
1422349200.0,683.828981230923,0
1422352800.0,646.619945289097,0
1422356400.0,535.228979612278,0
1422360000.0,436.789338512738,0
1422363600.0,267.962936677923,0
1422367200.0,155.576779006639,0
1422370800.0,75.7364340941869,0
1422374400.0,60.7228243904334,0
1422378000.0,112.182129472123,0
1422381600.0,167.655759106877,0
1422385200.0,260.600937743569,0
1422388800.0,309.738688551895,0
1422392400.0,321.41922242325,0
1422396000.0,190.193850265234,0
1422399600.0,122.50884903078,0
1422403200.0,-76.4856079918068,0
1422406800.0,-259.753516321602,0
1422410400.0,-324.596973451787,0
1422414000.0,-288.278094633689,0
1422417600.0,-200.619925032916,0
1422421200.0,-77.8762242350498,0
1422424800.0,110.359797003351,0
1422428400.0,339.530321372171,0
1422432000.0,484.689857240423,0
1422435600.0,574.627956770193,0
1422439200.0,626.518349156759,0
1422442800.0,509.796020669115,0
1422446400.0,338.061736163448,0
1422450000.0,163.840766460065,0
1422453600.0,63.685703902655,0
1422457200.0,6.39721047322583,0
1422460800.0,3.57366365728374,0
1422464400.0,18.0818512611915,0
1422468000.0,42.0562486164452,0
1422471600.0,127.912687783165,0
1422475200.0,204.613063403992,0
1422478800.0,198.033081937837,0
1422482400.0,105.143413432057,0
1422486000.0,-35.3042533954343,0
1422489600.0,-167.427759339193,0
1422493200.0,-329.823520760362,0
1422496800.0,-398.295478067846,0
1422500400.0,-384.689527583321,0
1422504000.0,-325.067438080759,0
1422507600.0,-173.237205306198,0
1422511200.0,44.5799196544714,0
1422514800.0,253.810766240071,0
1422518400.0,429.517070022213,0
1422522000.0,488.458350563402,0
1422525600.0,531.307781467688,0
1422529200.0,401.506578358796,0
1422532800.0,234.623426577738,0
1422536400.0,110.558015398164,0
1422540000.0,-52.3707114136963,0
1422543600.0,-71.7442610556114,0
1422547200.0,-114.077250738799,0
1422550800.0,-59.159652222822,0
1422554400.0,-43.4106416016646,0
1422558000.0,82.697533193839,0
1422561600.0,97.5231114307949,0
1422565200.0,110.138320751692,0
1422568800.0,71.0156394118714,0
1422572400.0,-92.0110551216134,0
1422576000.0,-270.253768312064,0
1422579600.0,-420.117235252948,0
1422583200.0,-492.437108066748,0
1422586800.0,-473.476399531304,0
1422590400.0,-398.479199477922,0
1422594000.0,-269.311824214089,0
1422597600.0,-71.0763796828861,0
1422601200.0,163.872072733589,0
1422604800.0,357.788965013671,0
1422608400.0,462.659604164225,0
1422612000.0,436.207505932996,0
1422615600.0,317.374086298233,0
1422619200.0,178.80564055938,0
1422622800.0,80.3513111386561,0
1422626400.0,-114.527572102431,0
1422630000.0,-151.959372996336,0
1422633600.0,-178.058849047367,0
1422637200.0,-100.969499330986,0
1422640800.0,-14.4539989089228,0
1422644400.0,64.7036703046763,0
1422648000.0,85.0819172901858,0
1422651600.0,90.9024235678573,0
1422655200.0,-67.2690865506956,0
1422658800.0,-162.154686832727,0
1422662400.0,-283.411895316613,0
1422666000.0,-445.617599899469,0
1422669600.0,-514.055693909415,0
1422673200.0,-472.426618648876,0
1422676800.0,-409.119140548339,0
1422680400.0,-234.368818804002,0
1422684000.0,-29.4609593227739,0
1422687600.0,152.390251095177,0
1422691200.0,364.528238350373,0
1422694800.0,405.819072691957,0
1422698400.0,455.833189685109,0
1422702000.0,329.525217154957,0
1422705600.0,213.759561252172,0
1422709200.0,62.8292955206252,0
1422712800.0,-48.1729161114698,0
1422716400.0,-143.767376947415,0
1422720000.0,-134.459445500837,0
1422723600.0,-91.0879989108437,0
1422727200.0,-45.8485517699215,0
1422730800.0,79.6797323703624,0
1422734400.0,110.223428339653,0
1422738000.0,87.5930362659774,0
1422741600.0,65.4627240812235,0
1422745200.0,-148.010641367074,0
1422748800.0,-264.489568440344,0
1422752400.0,-387.528991901474,0
1422756000.0,-495.9641646056,0
1422759600.0,-476.74320739531,0
1422763200.0,-347.110629295691,0
1422766800.0,-249.49948204662,0
